name,email
Client 1,client1@example.com
Client 2,client2@example.com
Ravi Thakur,ravi.thakur19223@gmail.com
Client 4,client4@example.com
Client 5,client5@example.com
Client 6,client6@example.com
Client 7,client7@example.com
Client 8,client8@example.com
Client 9,client9@example.com
Client 10,client10@example.com
Client 11,client11@example.com
Client 12,client12@example.com
Client 13,client13@example.com
Client 14,client14@example.com
Client 15,client15@example.com
Client 16,client16@example.com
Client 17,client17@example.com
Client 18,client18@example.com
Client 19,client19@example.com
Client 20,client20@example.com
Client 21,client21@example.com
Client 22,client22@example.com
Client 23,client23@example.com
Client 24,client24@example.com
Client 25,client25@example.com
Client 26,client26@example.com
Client 27,client27@example.com
Client 28,client28@example.com
Client 29,client29@example.com
Client 30,client30@example.com
Client 31,client31@example.com
Client 32,client32@example.com
Client 33,client33@example.com
Client 34,client34@example.com
Client 35,client35@example.com
Client 36,client36@example.com
Client 37,client37@example.com
Client 38,client38@example.com
Client 39,client39@example.com
Client 40,client40@example.com
Client 41,client41@example.com
Client 42,client42@example.com
Client 43,client43@example.com
Client 44,client44@example.com
Client 45,client45@example.com
Client 46,client46@example.com
Client 47,client47@example.com
Client 48,client48@example.com
Client 49,client49@example.com
Client 50,client50@example.com
Client 51,client51@example.com
Client 52,client52@example.com
Client 53,client53@example.com
Client 54,client54@example.com
Client 55,client55@example.com
Client 56,client56@example.com
Client 57,client57@example.com
Client 58,client58@example.com
Client 59,client59@example.com
Client 60,client60@example.com
Client 61,client61@example.com
Client 62,client62@example.com
Client 63,client63@example.com
Client 64,client64@example.com
Client 65,client65@example.com
Client 66,client66@example.com
Client 67,client67@example.com
Client 68,client68@example.com
Client 69,client69@example.com
Client 70,client70@example.com
Client 71,client71@example.com
Client 72,client72@example.com
Client 73,client73@example.com
Client 74,client74@example.com
Client 75,client75@example.com
Client 76,client76@example.com
Client 77,client77@example.com
Client 78,client78@example.com
Client 79,client79@example.com
Client 80,client80@example.com
Client 81,client81@example.com
Client 82,client82@example.com
Client 83,client83@example.com
Client 84,client84@example.com
Client 85,client85@example.com
Client 86,client86@example.com
Client 87,client87@example.com
Client 88,client88@example.com
Client 89,client89@example.com
Client 90,client90@example.com
Client 91,client91@example.com
Client 92,client92@example.com
Client 93,client93@example.com
Client 94,client94@example.com
Client 95,client95@example.com
Client 96,client96@example.com
Client 97,client97@example.com
Client 98,client98@example.com
Client 99,client99@example.com
Client 100,client100@example.com
Client 101,client101@example.com
Client 102,client102@example.com
Client 103,client103@example.com
Client 104,client104@example.com
Client 105,client105@example.com
Client 106,client106@example.com
Client 107,client107@example.com
Client 108,client108@example.com
Client 109,client109@example.com
Client 110,client110@example.com
Client 111,client111@example.com
Client 112,client112@example.com
Client 113,client113@example.com
Client 114,client114@example.com
Client 115,client115@example.com
Client 116,client116@example.com
Client 117,client117@example.com
Client 118,client118@example.com
Client 119,client119@example.com
Client 120,client120@example.com
Client 121,client121@example.com
Client 122,client122@example.com
Client 123,client123@example.com
Client 124,client124@example.com
Client 125,client125@example.com
Client 126,client126@example.com
Client 127,client127@example.com
Client 128,client128@example.com
Client 129,client129@example.com
Client 130,client130@example.com
Client 131,client131@example.com
Client 132,client132@example.com
Client 133,client133@example.com
Client 134,client134@example.com
Client 135,client135@example.com
Client 136,client136@example.com
Client 137,client137@example.com
Client 138,client138@example.com
Client 139,client139@example.com
Client 140,client140@example.com
Client 141,client141@example.com
Client 142,client142@example.com
Client 143,client143@example.com
Client 144,client144@example.com
Client 145,client145@example.com
Client 146,client146@example.com
Client 147,client147@example.com
Client 148,client148@example.com
Client 149,client149@example.com
Client 150,client150@example.com
Client 151,client151@example.com
Client 152,client152@example.com
Client 153,client153@example.com
Client 154,client154@example.com
Client 155,client155@example.com
Client 156,client156@example.com
Client 157,client157@example.com
Client 158,client158@example.com
Client 159,client159@example.com
Client 160,client160@example.com
Client 161,client161@example.com
Client 162,client162@example.com
Client 163,client163@example.com
Client 164,client164@example.com
Client 165,client165@example.com
Client 166,client166@example.com
Client 167,client167@example.com
Client 168,client168@example.com
Client 169,client169@example.com
Client 170,client170@example.com
Client 171,client171@example.com
Client 172,client172@example.com
Client 173,client173@example.com
Client 174,client174@example.com
Client 175,client175@example.com
Client 176,client176@example.com
Client 177,client177@example.com
Client 178,client178@example.com
Client 179,client179@example.com
Client 180,client180@example.com
Client 181,client181@example.com
Client 182,client182@example.com
Client 183,client183@example.com
Client 184,client184@example.com
Client 185,client185@example.com
Client 186,client186@example.com
Client 187,client187@example.com
Client 188,client188@example.com
Client 189,client189@example.com
Client 190,client190@example.com
Client 191,client191@example.com
Client 192,client192@example.com
Client 193,client193@example.com
Client 194,client194@example.com
Client 195,client195@example.com
Client 196,client196@example.com
Client 197,client197@example.com
Client 198,client198@example.com
Client 199,client199@example.com
Client 200,client200@example.com
